url,alasan
https://putusan3.mahkamahagung.go.id/direktori/putusan/zaf0e7fc74efbb048336323335393532.html,Tombol PDF tidak ada
https://putusan3.mahkamahagung.go.id/direktori/putusan/zaf0e7fbcdf703fcb3a4323335353132.html,Tombol PDF tidak ada
https://putusan3.mahkamahagung.go.id/direktori/putusan/zaf0e7fbcdf6662cb3a4323335353132.html,Tombol PDF tidak ada
https://putusan3.mahkamahagung.go.id/direktori/putusan/zaf0e7fbcdf618d4b3a4323335353132.html,Tombol PDF tidak ada
https://putusan3.mahkamahagung.go.id/direktori/putusan/zaf0e7fb4ed110228283323335313339.html,Tombol PDF tidak ada
https://putusan3.mahkamahagung.go.id/direktori/putusan/zaf0e7fb4ed103f28283323335313339.html,Tombol PDF tidak ada
https://putusan3.mahkamahagung.go.id/direktori/putusan/zaf0e7fb2a292b7496f0323335303337.html,Tombol PDF tidak ada
https://putusan3.mahkamahagung.go.id/direktori/putusan/zaf0e7fb2a291f8096f0323335303337.html,Tombol PDF tidak ada
https://putusan3.mahkamahagung.go.id/direktori/putusan/zaf0e7fa75167a708340323334353334.html,Tombol PDF tidak ada
https://putusan3.mahkamahagung.go.id/direktori/putusan/zaf0e7fa294f7466b963323334333236.html,Tombol PDF tidak ada
https://putusan3.mahkamahagung.go.id/direktori/putusan/zaf0e7f840c08cfe8b3a323332393437.html,Tombol PDF tidak ada
https://putusan3.mahkamahagung.go.id/direktori/putusan/zaf0e7f840bb379a8b3a323332393437.html,Tombol PDF tidak ada
https://putusan3.mahkamahagung.go.id/direktori/putusan/zaf0e7f2642bdb36aa17323234373439.html,Tombol PDF tidak ada
https://putusan3.mahkamahagung.go.id/direktori/putusan/zaf0e7f264317f50aa17323234373439.html,Tombol PDF tidak ada
https://putusan3.mahkamahagung.go.id/direktori/putusan/zaf0e7f253c160369d93323234373232.html,Tombol PDF tidak ada
https://putusan3.mahkamahagung.go.id/direktori/putusan/zaf0e7f253aebae4a696323234373232.html,Tombol PDF tidak ada
https://putusan3.mahkamahagung.go.id/direktori/putusan/zaf0e7f226eec1c08042323234363036.html,Tombol PDF tidak ada
https://putusan3.mahkamahagung.go.id/direktori/putusan/zaf0e7f2271a52189449323234363037.html,Tombol PDF tidak ada
https://putusan3.mahkamahagung.go.id/direktori/putusan/zaf0e7eca8d23218986f323230363437.html,Tombol PDF tidak ada
https://putusan3.mahkamahagung.go.id/direktori/putusan/zaf0e7ec6a1b7f8ebf5e323230353032.html,Tombol PDF tidak ada
https://putusan3.mahkamahagung.go.id/direktori/putusan/zaf02970be280632915b313232313035.html,PDF tidak terdeteksi
https://putusan3.mahkamahagung.go.id/direktori/putusan/zaf09f5f9c686324b61b313431353434.html,Tombol PDF tidak ada
https://putusan3.mahkamahagung.go.id/direktori/putusan/zaefe2173943e1ac99a2313731313234.html,Tombol PDF tidak ada
https://putusan3.mahkamahagung.go.id/direktori/putusan/zaf167e8fcf69bf09448313930323539.html,Bukan PN Surabaya
https://putusan3.mahkamahagung.go.id/direktori/putusan/zaf167e8fa625b868075313930323535.html,Bukan PN Surabaya
https://putusan3.mahkamahagung.go.id/direktori/putusan/zaf0e7ec69ee1d50bf5e323230353032.html,Tombol PDF tidak ada
https://putusan3.mahkamahagung.go.id/direktori/putusan/zaf0e7ec4bf27972a0d3323230343132.html,Tombol PDF tidak ada
https://putusan3.mahkamahagung.go.id/direktori/putusan/zaf0e7ec4c25d13ca0d3323230343132.html,Tombol PDF tidak ada
https://putusan3.mahkamahagung.go.id/direktori/putusan/zaf0dfa3bbecf546bf64303930343337.html,Tombol PDF tidak ada
https://putusan3.mahkamahagung.go.id/direktori/putusan/zaf0df0a798776b68900313434373333.html,Tombol PDF tidak ada
https://putusan3.mahkamahagung.go.id/direktori/putusan/zaf0df09a6ac15f89fd6313434313339.html,Tombol PDF tidak ada
https://putusan3.mahkamahagung.go.id/direktori/putusan/zaf0df0960207a52821c313433393430.html,Tombol PDF tidak ada
https://putusan3.mahkamahagung.go.id/direktori/putusan/zaf0df07f807b4f4b23c313432393336.html,Tombol PDF tidak ada
https://putusan3.mahkamahagung.go.id/direktori/putusan/zaf0df06f39536fea45f313432323139.html,Tombol PDF tidak ada
https://putusan3.mahkamahagung.go.id/direktori/putusan/zaf0df06b576949e9014313432303335.html,Tombol PDF tidak ada
https://putusan3.mahkamahagung.go.id/direktori/putusan/zaf0df069787bd8c8361313431393435.html,Tombol PDF tidak ada
https://putusan3.mahkamahagung.go.id/direktori/putusan/zaf0df0540f2fbf48b67313431303130.html,Tombol PDF tidak ada
https://putusan3.mahkamahagung.go.id/direktori/putusan/zaf0df03875f4892ab09313335373439.html,Tombol PDF tidak ada
https://putusan3.mahkamahagung.go.id/direktori/putusan/zaf0df00b94c25b2bfd1313333373435.html,Tombol PDF tidak ada
https://putusan3.mahkamahagung.go.id/direktori/putusan/zaf0deff5b3b07e6950b313332373537.html,Tombol PDF tidak ada
https://putusan3.mahkamahagung.go.id/direktori/putusan/zaf0deff3f4001b8936b313332373130.html,Tombol PDF tidak ada
https://putusan3.mahkamahagung.go.id/direktori/putusan/zaf0defecce453c6838f313332333538.html,Tombol PDF tidak ada
https://putusan3.mahkamahagung.go.id/direktori/putusan/zaf0defe8bf49ea28112313332323039.html,Tombol PDF tidak ada
https://putusan3.mahkamahagung.go.id/direktori/putusan/zaf0defd4ea4c4d8a209313331333137.html,Tombol PDF tidak ada
https://putusan3.mahkamahagung.go.id/direktori/putusan/zaf1689fd3cef94aaa0b313635313438.html,Bukan PN Surabaya
https://putusan3.mahkamahagung.go.id/direktori/putusan/zaf1689fcaaa6d408fba313635313333.html,Bukan PN Surabaya
https://putusan3.mahkamahagung.go.id/direktori/putusan/zaf0defc46860b0a95ea313330353534.html,Tombol PDF tidak ada
https://putusan3.mahkamahagung.go.id/direktori/putusan/zaf0defc1d749010a18f313330343435.html,Tombol PDF tidak ada
https://putusan3.mahkamahagung.go.id/direktori/putusan/zaf0defbce24dab0b8d2313330323332.html,Tombol PDF tidak ada
https://putusan3.mahkamahagung.go.id/direktori/putusan/zaf0def9e0ae5e7e973a313234383434.html,Tombol PDF tidak ada
https://putusan3.mahkamahagung.go.id/direktori/putusan/zaf0def91475a6c88633313234333031.html,Tombol PDF tidak ada
https://putusan3.mahkamahagung.go.id/direktori/putusan/zaf0def85238615e8257313233373336.html,Tombol PDF tidak ada
https://putusan3.mahkamahagung.go.id/direktori/putusan/zaf0def83b99d1b2a44b313233363538.html,Tombol PDF tidak ada
https://putusan3.mahkamahagung.go.id/direktori/putusan/zaf168c08a89f8c2a1c3323034353539.html,Bukan PN Surabaya
https://putusan3.mahkamahagung.go.id/direktori/putusan/zaf168c06ceb353890f3323034353039.html,Bukan PN Surabaya
https://putusan3.mahkamahagung.go.id/direktori/putusan/zaf168c066827c6ab245323034343538.html,Bukan PN Surabaya
https://putusan3.mahkamahagung.go.id/direktori/putusan/zaf0896a627b2e72bc74313533373236.html,Tombol PDF tidak ada
https://putusan3.mahkamahagung.go.id/direktori/putusan/zaf0889dd699011c9c71313531333134.html,Tombol PDF tidak ada
https://putusan3.mahkamahagung.go.id/direktori/putusan/zaf08896b12be5368f3c313432323034.html,Tombol PDF tidak ada
https://putusan3.mahkamahagung.go.id/direktori/putusan/zaf08241548b089ea7d5313235353535.html,Tombol PDF tidak ada
https://putusan3.mahkamahagung.go.id/direktori/putusan/zaf079899c9d60fc82d2313034303339.html,Bukan PN Surabaya
https://putusan3.mahkamahagung.go.id/direktori/putusan/zaf07986aaa8f1aa8267313031393334.html,Bukan PN Surabaya
https://putusan3.mahkamahagung.go.id/direktori/putusan/zaf07984b7d64ad29b78313030353337.html,PDF tidak terdeteksi
https://putusan3.mahkamahagung.go.id/direktori/putusan/zaf07983efbb939ac096313030303031.html,Tombol PDF tidak ada
https://putusan3.mahkamahagung.go.id/direktori/putusan/zaf07980bf16da5eb56f303933373131.html,Tombol PDF tidak ada
https://putusan3.mahkamahagung.go.id/direktori/putusan/zaf0797d5d11a08a8ffb303931323538.html,Tombol PDF tidak ada
https://putusan3.mahkamahagung.go.id/direktori/putusan/zaf0797d069596b28117303931303333.html,Tombol PDF tidak ada
https://putusan3.mahkamahagung.go.id/direktori/putusan/zaf0797c6cd3ad3e8457303930363135.html,Tombol PDF tidak ada
https://putusan3.mahkamahagung.go.id/direktori/putusan/zaf0615527f9c8fe96d4313532343431.html,Tombol PDF tidak ada
https://putusan3.mahkamahagung.go.id/direktori/putusan/zaf05bbd0fb27144a570313233333231.html,Tombol PDF tidak ada
https://putusan3.mahkamahagung.go.id/direktori/putusan/zaf05bba678cd88a842c313231343230.html,Tombol PDF tidak ada
https://putusan3.mahkamahagung.go.id/direktori/putusan/zaf05bb7282d0a64acf2313135313035.html,Tombol PDF tidak ada
https://putusan3.mahkamahagung.go.id/direktori/putusan/zaf05bb6e498f9f2b607313134393132.html,Bukan PN Surabaya
https://putusan3.mahkamahagung.go.id/direktori/putusan/zaf168b75a6821e09214313934303133.html,Bukan PN Surabaya
https://putusan3.mahkamahagung.go.id/direktori/putusan/zaf05bb636e179069419313134343231.html,Tombol PDF tidak ada
https://putusan3.mahkamahagung.go.id/direktori/putusan/zaf051aae8c224f6a12e313635383133.html,PDF tidak terdeteksi
https://putusan3.mahkamahagung.go.id/direktori/putusan/zaf045b74af501caa775313135363338.html,Bukan PN Surabaya
