Nama File,Ukuran Berkas,Status Download
case_001.pdf,451.38 KB,Sukses Murni
case_002.pdf,247.65 KB,Sukses Murni
case_003.pdf,197.63 KB,Sukses Murni
case_004.pdf,97.51 KB,Sukses Murni
case_005.pdf,806.90 KB,Sukses Murni
case_006.pdf,245.18 KB,Sukses Murni
case_007.pdf,338.88 KB,Sukses Murni
case_008.pdf,239.03 KB,Sukses Murni
case_009.pdf,28.74 KB,Sukses Murni
case_010.pdf,468.50 KB,Sukses Murni
case_011.pdf,467.40 KB,Sukses Murni
case_012.pdf,189.22 KB,Sukses Murni
case_013.pdf,220.89 KB,Sukses Murni
case_014.pdf,336.64 KB,Sukses Murni
case_015.pdf,377.59 KB,Sukses Murni
case_016.pdf,131.13 KB,Sukses Murni
case_017.pdf,387.47 KB,Sukses Murni
case_018.pdf,355.48 KB,Sukses Murni
case_019.pdf,431.35 KB,Sukses Murni
case_020.pdf,69.43 KB,Sukses Murni
case_021.pdf,64.79 KB,Sukses Murni
case_022.pdf,79.68 KB,Sukses Murni
case_023.pdf,141.49 KB,Sukses Murni
case_024.pdf,176.69 KB,Sukses Murni
case_025.pdf,363.83 KB,Sukses Murni
case_026.pdf,71.08 KB,Sukses Murni
case_027.pdf,458.84 KB,Sukses Murni
case_028.pdf,129.45 KB,Sukses Murni
case_029.pdf,271.47 KB,Sukses Murni
case_030.pdf,174.05 KB,Sukses Murni
case_031.pdf,177.87 KB,Sukses Murni
case_032.pdf,145.09 KB,Sukses Murni
case_033.pdf,738.49 KB,Sukses Murni
case_034.pdf,208.69 KB,Sukses Murni
case_035.pdf,147.27 KB,Sukses Murni
case_036.pdf,315.30 KB,Sukses Murni
case_037.pdf,230.05 KB,Sukses Murni
case_038.pdf,73.97 KB,Sukses Murni
case_039.pdf,75.79 KB,Sukses Murni
case_040.pdf,212.82 KB,Sukses Murni
case_041.pdf,190.74 KB,Sukses Murni
case_042.pdf,48.42 KB,Sukses Murni
case_043.pdf,337.89 KB,Sukses Murni
case_044.pdf,100.06 KB,Sukses Murni
case_045.pdf,90.45 KB,Sukses Murni
case_046.pdf,288.02 KB,Sukses Murni
case_047.pdf,69.49 KB,Sukses Murni
case_048.pdf,82.12 KB,Sukses Murni
case_049.pdf,224.97 KB,Sukses Murni
case_050.pdf,300.21 KB,Sukses Murni
case_051.pdf,475.36 KB,Sukses Murni
case_052.pdf,245.18 KB,Sukses Murni
case_053.pdf,952.74 KB,Sukses Murni
case_054.pdf,373.16 KB,Sukses Murni
case_055.pdf,116.73 KB,Sukses Murni
case_056.pdf,69.23 KB,Sukses Murni
case_057.pdf,101.34 KB,Sukses Murni
case_058.pdf,192.61 KB,Sukses Murni
case_059.pdf,50.52 KB,Sukses Murni
case_060.pdf,369.72 KB,Sukses Murni
case_061.pdf,369.25 KB,Sukses Murni
case_062.pdf,62.83 KB,Sukses Murni
case_063.pdf,1414.78 KB,Sukses Murni
case_064.pdf,292.01 KB,Sukses Murni
case_065.pdf,69.29 KB,Sukses Murni
case_066.pdf,206.61 KB,Sukses Murni
case_067.pdf,94.74 KB,Sukses Murni
case_068.pdf,542.34 KB,Sukses Murni
case_069.pdf,148.67 KB,Sukses Murni
case_070.pdf,294.49 KB,Sukses Murni
case_071.pdf,589.81 KB,Sukses Murni
case_072.pdf,190.34 KB,Sukses Murni
case_073.pdf,84.47 KB,Sukses Murni
case_074.pdf,272.78 KB,Sukses Murni
case_075.pdf,277.54 KB,Sukses Murni
case_076.pdf,169.96 KB,Sukses Murni
case_077.pdf,412.16 KB,Sukses Murni
case_078.pdf,65.76 KB,Sukses Murni
case_079.pdf,65.88 KB,Sukses Murni
case_080.pdf,305.35 KB,Sukses Murni
